1459278	4	1126	-	Севастополь
1524640	3	105	24	Раменское
1609276	5	87	-	-
1609313	14	120	-	Пермь
1609361	7	25	19	Одесса
1609445	14	20	-	Тольятти
1609475	4	14	27	Коханово
1609487	9	9	-	Козова
1609499	9	4	-	-
1609515	21	2	-	Санкт-Петербург
1609516	9	3	19	-
1609520	9	0	-	Oxford
1609187	3	51	-	-
1609189	2	57	24	Магадан
1609194	17	96	17	Кострома
1609197	14	60	-	-
1609199	11	43	-	Рыбинск
1609210	20	53	28	Киев
1609081	9	65	25	-
1609137	9	61	-	-
1609141	13	55	19	Одесса
1609311	11	34	-	Санкт-Петербург
1609494	6	4	19	-
1609514	9	1	-	Екатеринбург
1609519	14	1	-	-
1609523	12	1	20	-
1608634	4	150	-	London
1608803	19	102	25	Санкт-Петербург
1609173	14	26	19	Вологда
1608790	13	113	-	Ростов-на-Дону
1608895	15	70	-	Липецк
1608402	5	140	-	-
1608409	8	176	-	-
1608425	16	174	20	Москва
1608437	14	245	-	-
1608451	25	107	25	Санкт-Петербург
1608723	7	108	-	Конаково
1609517	6	0	15	Москва
1608169	3	193	16	Копейск
1608181	7	163	-	Москва
1608182	13	246	-	Рудный
1608185	9	127	-	Киев
1608213	9	199	-	-
1608084	10	330	-	Красноярск
1608087	28	258	19	Вологда
1607757	6	170	14	Томск
1607759	1	439	17	Владивосток
1607766	1	162	-	-
1607793	15	233	19	Одесса
1607560	37	280	-	Москва
1607577	6	191	-	-
1607691	22	143	17	Tokyo
1607695	11	303	25	Санкт-Петербург
1607839	33	132	20	Москва
1607153	11	158	72	Ōsaka
1607179	6	328	-	-
1607203	6	190	-	Ижевск
1607242	18	190	-	Бисерть
1607286	14	139	-	-
1607464	10	57	-	-
1607465	9	139	-	Харьков
1606973	5	115	-	Рыбинск
1606975	13	398	-	Карасук
1606977	5	145	-	Санкт-Петербург
1606980	11	211	18	-
1606981	9	131	-	-
1606982	8	68	-	Санкт-Петербург
1607003	27	210	-	Tokyo
1607004	10	188	-	Тюмень
1607010	39	223	-	Красноярск
1607026	24	236	16	Новокузнецк
1606769	11	379	23	Новороссийск
1607364	11	178	-	Москва
1606677	6	121	15	Саратов
1606683	8	221	-	Псков
1606494	3	218	17	Санкт-Петербург
1606506	17	358	14	Томск
1606513	7	173	15	Артем
1606552	11	282	-	Москва
1606621	6	288	14	Томск
1606629	20	141	-	-
1606637	7	245	26	Омск
1606670	6	168	-	Южно-Сахалинск
1606297	2	286	94	Гомель
1606302	11	375	-	Рудный
1606316	13	502	-	Красноярск
1606318	25	216	19	Одесса
1606325	14	262	-	Manchester
1606363	10	239	-	-
1606547	4	147	20	Шымкент
1606585	12	266	116	Lublin
1606134	8	190	-	-
1606279	5	163	-	-
1606393	12	152	-	-
1606401	8	93	116	Kawasaki
1606001	5	166	-	Москва
1606006	26	300	72	Ōsaka
1606017	5	188	15	-
1606019	7	123	18	Елец
1606024	25	547	116	Lublin
1606025	52	207	25	Санкт-Петербург
1606485	18	112	21	Волгоград
1609525	13	0	-	Гомель
1609528	3	0	-	Tokyo
1605892	3	214	19	Белореченск
1605897	16	214	31	Москва
1605907	12	300	19	Вологда
1605909	12	274	19	Санкт-Петербург
1605914	15	206	-	Донецк
1605844	2	153	-	Симферополь
1605846	1	253	116	Lublin
1605937	10	192	-	-
1606052	23	173	-	-
1605652	13	338	19	Одесса
1605547	4	372	-	Екатеринбург
1605549	17	397	23	Пушкинские Горы
1605263	7	675	30	-
1605508	8	181	-	Washington, D.C.
1605121	5	850	23	Хайфа
1604951	5	396	18	Тула
1604972	17	296	20	Москва
1604884	9	258	16	-
1604929	7	172	19	Одесса
1605054	10	91	-	Москва
1605057	5	166	21	-
1604546	4	171	-	-
1604596	8	320	22	-
1604601	17	179	17	-
1604619	23	236	-	Ростов-на-Дону
1604199	4	246	-	Чебоксары
1604211	5	194	18	-
1604214	6	381	15	Рассказово
1604272	12	321	-	Полтава
1604378	32	225	-	-
1604525	14	148	17	Москва
1604618	70	240	19	Липецк
1603899	3	205	-	-
1603900	16	155	-	-
1603914	2	222	-	Чушка
1604048	15	260	-	-
1604088	5	190	-	-
1603786	2	321	-	Красноярск
1603789	6	248	-	Санкт-Петербург
1603793	6	272	14	Томск
1603670	9	249	-	-
1603677	43	183	22	Луцк
1603736	3	206	-	Волгоград
1603765	6	323	-	Ростов-на-Дону
1603378	5	236	-	Кировск
1603380	12	89	-	Калуга
1603385	5	189	-	Cleveland
1603387	14	166	27	Los Ebanos
1603496	5	109	-	-
1603522	10	191	-	Ставрополь
1603585	17	85	-	Харьков
1603593	12	248	21	Нолинск
1603245	13	273	-	Киев
1603248	6	200	21	-
1603250	14	183	116	-
1603256	11	275	-	-
1603265	12	203	-	-
1603269	14	139	25	-
1603282	9	413	22	Бишкек
1603294	11	201	22	Тбилиси
1603336	8	236	15	Саратов
1603357	13	141	-	-
1603293	18	132	19	Одесса
1603512	4	119	-	Николаев
1602951	12	231	19	Одесса
1602986	21	138	62	Columbus
1603044	15	257	-	Санкт-Петербург
1603060	12	119	-	Кишинев
1605056	19	13	-	Melbourne
1602823	5	415	-	Москва
1602828	10	124	-	Москва
1602829	6	158	-	Крымск
1602834	24	166	19	Düsseldorf
1602835	7	213	-	-
1602837	10	112	-	Beograd
1603038	17	84	-	Санкт-Петербург
1602804	14	195	-	-
1602940	11	181	-	-
1603181	1	36	-	-
1602514	7	191	34	Москва
1601934	4	308	116	Lublin
1601935	2	415	20	Красноярск
1601951	6	293	-	Ueno
1601959	3	195	16	Москва
1601987	9	193	-	Москва
1602056	15	415	22	Тбилиси
1602477	8	236	-	Санкт-Петербург
1603505	1	61	-	-
1601654	4	178	-	Москва
1601667	17	179	116	Lublin
1601686	19	372	-	Астана
1601697	36	331	20	Краснодар
1602015	12	102	-	Ангарск
1602020	1	74	-	-
1601469	7	378	19	Омск
1601512	4	246	-	Воронеж
1601517	9	258	15	Саратов
1601519	7	130	-	Козова
1601526	6	244	-	Красноярск
1601528	9	215	18	Павлоград
1601548	8	223	-	-
1601560	10	222	25	Ангарск
1601579	7	190	100	-
1601595	6	247	24	Новосибирск
1601324	5	1711	-	Краснодар
1601330	14	544	-	-
1601334	4	284	-	Калуга
1601351	7	944	-	Оренбург
1601370	2	327	-	-
1601394	5	201	-	Washington, D.C.
1601708	9	534	-	Москва
1601864	11	363	116	Киев
1602151	3	325	-	Краснодар
1601130	4	315	116	Lublin
1601136	6	337	20	-
1601026	4	198	31	Москва
1601033	4	320	18	Санкт-Петербург
1601036	31	196	-	Санкт-Петербург
1601038	5	179	16	Новосибирск
1601049	16	292	-	-
1601070	16	350	-	Краснодар
1601091	7	422	-	-
1601114	25	148	17	Berlin
1601146	19	248	17	Старый Оскол
1601176	53	201	-	Санкт-Петербург
1600879	1	442	-	-
1600884	4	324	-	Санкт-Петербург
1600891	6	201	-	Санкт-Петербург
1600894	5	556	22	Бишкек
1600901	2	170	-	Уфа
1600904	6	398	-	Санкт-Петербург
1600905	7	392	-	Уфа
1600917	5	676	-	Красноярск
1600919	1	362	-	-
1600937	4	308	22	Бишкек
1600462	10	269	-	Москва
1600754	4	154	-	Los Angeles
1600366	9	533	-	-
1600368	4	108	14	Chicago
1600369	8	292	-	-
1600370	16	258	31	Москва
1600379	8	257	18	Усть-Каменогорск
1600384	15	111	20	Тамбов
1600397	18	103	52	Brugge
1600412	5	433	20	Нижний Новгород
1600416	7	183	52	Brugge
1600420	9	344	23	Москва
1600280	14	381	-	-
1600147	4	274	-	Fiddes
1600148	3	538	-	-
1600150	3	208	-	-
1600157	7	405	16	-
1600158	9	236	-	Санкт-Петербург
1600164	3	541	19	Одесса
1600191	5	153	52	Brugge
1600266	7	233	18	Бишкек
1600271	4	197	18	Бишкек
1600294	18	198	-	Новосибирск
1599894	4	458	-	Санкт-Петербург
1599456	5	275	-	-
1599470	3	338	-	Санкт-Петербург
1600013	7	201	-	-
1599215	3	364	20	-
1599221	18	829	30	Магнитогорск
1599228	7	449	-	Минск
1599231	9	481	-	-
1599313	9	368	116	-
1599143	2	212	27	Санкт-Петербург
1599314	34	221	23	-
1598742	3	217	24	Набережные Челны
1598787	4	141	19	Вологда
1598989	1	179	112	Лесосибирск
1598588	3	247	52	Орехово
1598589	17	606	24	Нижний Тагил
1598594	13	418	-	-
1598631	19	172	15	Киев
1598728	7	190	21	Кривой Рог
1598406	3	287	-	-
1598692	24	206	19	Düsseldorf
1598878	33	150	-	New York City
1598166	12	160	-	Санкт-Петербург
1597981	2	209	-	Николаев
1597982	46	187	14	Томск
1597988	11	95	-	-
1597993	17	171	20	Новосибирск
1597996	16	81	-	Москва
1598004	12	103	16	Харьков
1598017	7	217	19	Киев
1598042	13	204	23	-
1598091	14	173	20	Tokyo
1598128	19	188	19	Вологда
1597792	3	517	32	Wellington
1597804	13	177	-	Новосибирск
1597827	13	193	-	-
1597837	13	382	25	Санкт-Петербург
1597843	19	243	-	-
1597847	20	117	-	Днепропетровск (Днепр)
1597887	11	188	19	Düsseldorf
1597635	4	146	-	Надвоицы
1597654	4	197	-	Москва
1597671	5	324	-	-
1597859	2	231	-	Чушка
1597935	17	137	-	Череповец
1597562	13	282	21	Курск
1597567	2	201	-	-
1597587	5	133	-	Санкт-Петербург
1597592	13	174	14	Томск
1597597	19	150	25	Санкт-Петербург
1597609	14	97	16	Москва
1597673	4	87	-	Berlin
1597735	8	214	-	-
1597398	5	204	20	-
1597400	2	113	-	Якутск
1597401	7	371	-	Красноярск
1597403	28	276	-	Doncaster
1597404	14	84	20	Москва
1597418	10	151	14	Томск
1597421	6	162	-	Краснодар
1597446	19	182	-	-
1597766	13	183	-	Алматы
1597061	14	217	-	Санкт-Петербург
1597106	18	250	20	Санкт-Петербург
1597247	108	372	-	Николаев
1597340	10	182	20	Москва
1597371	10	135	-	-
1596760	4	120	15	Frankfurt am Main
1596767	20	195	102	Кириши
1596771	21	141	21	Киев
1596774	10	163	-	-
1596549	9	415	-	Санкт-Петербург
1596571	11	272	-	Николаев
1596591	27	268	20	Мончегорск
1596593	16	210	-	Москва
1596603	15	188	25	Санкт-Петербург
1596788	11	161	-	Алматы
1596897	7	336	14	Москва
1596369	2	171	-	Кемерово
1596382	8	201	18	Саратов
1596385	5	117	-	Полтава
1596388	15	195	15	Ростов-на-Дону
1596390	8	381	-	Бисерть
1596391	7	140	-	Североморск
1596440	10	126	-	Москва
1596443	13	158	20	Минск
1596448	8	78	-	-
1596515	6	88	18	Москва
1596269	6	3	21	Челябинск
1596283	12	151	22	Лабинск
1595760	12	259	22	Warszawa
1595768	7	215	-	-
1595773	22	289	-	Липецк
1595787	14	284	22	Бишкек
1595791	2	138	-	-
1595838	2	287	-	Санкт-Петербург
1595600	3	508	-	Полтава
1595458	3	650	-	-
1595463	16	593	-	-
1595508	7	552	-	-
1595510	9	280	-	-
1595512	1	533	-	-
1595513	2	702	-	-
1595536	8	273	-	Санкт-Петербург
1595563	33	619	-	Санкт-Петербург
1595571	2	181	-	-
1595582	22	217	18	Самара
1595329	6	433	-	-
1595333	7	196	23	Иркутск
1595361	11	350	-	Bergen
1595373	2	128	18	-
1595401	12	412	-	-
1595435	18	253	-	-
1595443	10	238	-	Новосибирск
1595265	3	72	-	Уфа
1595267	16	339	-	Кропоткин
1595273	5	183	-	-
1595288	31	224	25	Пермь
1595296	21	231	25	Санкт-Петербург
1595298	10	501	22	Бишкек
1595389	19	362	-	Хабаровск
1595395	25	480	-	Санкт-Петербург
1594908	5	222	-	Алматы
1594920	60	175	-	-
1594932	11	368	-	Москва
1595143	58	249	-	-
1594765	4	340	-	-
1594766	5	178	-	-
1594768	8	253	-	Алматы
1594770	10	212	-	-
1594785	7	265	-	Кременчуг
1594792	9	203	-	Мурманск
1594793	22	205	23	Пушкинские Горы
1595032	12	148	-	Бишкек
1594694	13	137	-	Козова
1594513	4	263	27	Москва
1594518	6	227	-	-
1593718	9	543	-	-
1593526	12	163	23	Пушкинские Горы
1593528	8	115	-	Москва
1594383	12	79	-	Усинск
1593288	8	535	-	-
1593295	15	551	-	-
1593333	14	508	-	Гомель
1593082	9	241	-	Тирасполь
1593093	5	253	16	Петропавловск
1592816	2	456	18	Санкт-Петербург
1592890	3	633	-	-
1592896	5	286	-	Москва
1592454	42	312	25	Санкт-Петербург
1592521	9	322	-	Санкт-Петербург
1592239	6	436	-	Сарапул
1592247	19	227	26	-
1592283	8	390	21	Toronto
1592430	3	118	25	-
1592495	18	277	-	Белово
1592592	17	201	-	-
1592070	10	190	19	-
1592074	9	177	20	-
1592097	9	174	19	-
1591929	11	396	19	Вологда
1591940	12	241	20	Москва
1591944	23	271	-	-
1591956	9	324	19	-
1591966	10	166	-	Ижевск
1591972	9	326	-	Ярославль
1592681	26	45	18	London
1591811	8	185	15	Санкт-Петербург
1592151	5	112	-	Актау
1591562	6	215	-	Уральск
1591566	4	142	-	Алматы
1591724	6	214	14	Уфа
1591759	11	189	-	Санкт-Петербург
1591871	3	167	-	-
1591378	4	200	-	-
1591386	17	133	-	Одесса
1591406	4	115	-	Полтава
1591500	22	155	20	Харьков
1590802	18	267	-	-
1591243	9	269	-	Отрадный
1590602	3	232	25	-
1590618	8	121	-	Москва
1590673	25	252	-	-
1590750	9	405	100	-
1590437	3	203	-	-
1590525	13	140	19	-
1590547	7	206	-	-
1590550	48	237	-	Ярославль
1590615	7	133	-	Запорожье
1590645	10	134	17	-
1590040	5	733	-	Санкт-Петербург
1590062	6	610	-	Москва
1590079	14	618	22	Бишкек
1590098	9	381	-	-
1590128	7	687	-	-
1590156	4	197	-	Санкт-Петербург
1590192	8	255	-	Москва
1590204	5	192	-	Грозный
1590218	8	168	-	Москва
1590366	13	142	19	Вологда
1589852	6	282	-	-
1589854	9	245	23	Нижнекамск
1589936	32	400	-	Санкт-Петербург
1589984	14	238	-	-
1589763	8	283	15	Саратов
1589772	4	121	-	Томск
1589777	7	186	-	Чита
1589791	10	108	-	Хабаровск
1589794	9	182	-	Кропоткин
1589806	72	203	-	-
1589591	5	98	-	-
1589598	6	153	-	-
1589600	18	188	-	-
1589618	1	200	-	Тамбов
1589643	1	450	-	Тамбов
1589232	6	172	-	-
1589238	8	571	26	Москва
1589262	15	385	-	Мурманск
1589273	12	466	23	-
1589380	15	258	-	-
1589401	10	279	-	Adelaide
1589417	7	219	-	Barcelona
1589487	13	226	-	Москва
1589520	15	295	22	-
1590198	16	86	23	Иваново
1589031	3	197	-	-
1589057	17	474	-	Санкт-Петербург
1589062	7	198	-	Санкт-Петербург
1589074	15	205	-	Алматы
1589081	23	256	-	-
1589167	19	208	23	-
1588653	4	557	-	Рязань
1588659	8	288	17	Владивосток
1588666	27	441	-	-
1588674	13	318	-	-
1588682	8	309	-	Днепропетровск (Днепр)
1588684	8	341	19	Вологда
1588711	10	391	-	Петропавловск
1588726	11	281	52	Brugge
1588735	9	284	-	Саранск
1588758	16	270	-	-
1588528	9	360	-	-
1588535	8	198	31	Москва
1588631	26	152	52	Brugge
1588851	22	146	16	Миллерово
1588383	3	549	-	Chicago
1588384	10	1108	-	-
1588389	5	548	-	Алматы
1588393	3	120	-	-
1588397	7	423	24	Красноярск
1588402	5	326	18	Москва
1588417	6	230	-	-
1588678	10	454	19	Вологда
1588283	14	129	-	Алматы
1588303	17	236	-	Рязань
1587647	10	663	22	-
1588155	8	226	-	Miami
1588247	20	441	-	Москва
1587380	6	411	-	Белгород
1587382	4	274	15	Тамбов
1587387	4	381	-	-
1587390	12	319	25	Санкт-Петербург
1587394	5	269	-	Москва
1587397	10	301	-	München
1587398	6	187	-	-
1587406	1	397	17	Manchester
1587436	6	127	-	Poznań
1587445	7	290	-	Москва
1587284	10	741	-	Hell
1587285	3	472	-	Ровно
1587297	19	350	27	Санкт-Петербург
1587320	5	212	-	-
1587332	20	336	-	-
1587333	13	603	-	Волгоград
1586790	2	46	-	-
1586793	2	446	-	České Budějovice
1586799	3	239	-	Москва
1586808	9	446	-	Пушкино
1586864	8	356	-	Челябинск
1586906	24	523	25	Санкт-Петербург
1588121	5	42	31	-
1586596	2	120	-	Псков
1586607	7	173	19	-
1586624	9	168	-	-
1586642	1	173	-	-
1586661	4	6	21	Москва
1586683	2	43	19	-
1586684	2	6	22	Москва
1586388	4	183	-	Seoul
1586389	11	490	24	Нижний Тагил
1586412	6	210	31	Москва
1586680	4	26	15	-
1586472	2	11	116	-
1585958	4	121	116	Санкт-Петербург
1585959	1	78	23	Дубна
1585966	1	98	-	-
1585887	11	358	-	Москва
1585898	21	284	-	Москва
1585913	5	370	-	-
1585926	25	291	25	Санкт-Петербург
1586146	38	236	72	-
1585756	20	177	-	-
1585759	5	364	-	-
1585766	11	283	-	-
1585772	13	231	-	Красноярск
1585775	24	242	17	Карачев
1585840	39	276	-	Тольятти
1585882	17	384	112	-
1586172	8	225	-	Москва
1585224	4	237	-	Киев
1585231	21	226	-	Москва
1585246	18	559	15	Саратов
1585250	16	239	-	Киев
1585269	7	288	-	Москва
1585272	22	155	-	Киев
1585274	25	260	15	Саратов
1585281	14	162	-	Волгодонск
1585296	12	199	-	Кострома
1585298	14	115	25	Екатеринбург
1585106	1	168	72	Ōsaka
1585107	2	260	19	Бельцы
1585119	4	262	-	Москва
1585124	6	153	-	Екатеринбург
1585132	13	118	25	Санкт-Петербург
1585197	8	152	-	Липецк
1585205	10	193	15	Саратов
1585393	4	175	14	Актобе
1584986	1	11	-	Севастополь
1585174	12	215	-	Дербент
1585199	16	155	-	Москва
1585336	10	174	-	-
1584717	8	469	33	Кемерово
1584719	4	336	-	Santa Fe
1584723	4	177	15	Саратов
1584724	2	316	-	-
1584767	4	338	-	-
1584770	7	290	-	-
1584771	2	215	-	-
1584780	2	165	-	Санкт-Петербург
1584781	2	289	-	-
1584836	20	125	-	Липецк
1584276	16	216	25	Санкт-Петербург
1584278	18	156	-	-
1584288	15	206	-	Кострома
1584309	21	226	40	Львов
1584316	12	328	19	Вологда
1584335	16	281	15	Саратов
1584341	17	244	-	-
1584365	10	282	-	Москва
1584376	15	133	15	Саратов
1584454	6	126	16	-
1584054	27	370	-	-
1584067	5	125	-	Хабаровск
1584218	25	154	-	-
1584231	12	82	-	Санкт-Петербург
1584668	9	154	-	Москва
1583689	16	215	-	-
1583779	7	354	25	Санкт-Петербург
1583794	9	295	-	Санкт-Петербург
1583798	4	139	-	Пермь
1583816	485	230	18	Москва
1583846	484	155	-	Санкт-Петербург
1583880	2	11	22	Санкт-Петербург
1583882	1	46	-	Чушка
1583891	2	2	-	Москва
1583892	2	21	-	Санкт-Петербург
1583383	7	185	19	-
1583384	6	110	-	Уфа
1583390	9	596	-	Красноярск
1583391	7	134	15	Саратов
1583392	10	559	23	Пушкинские Горы
1583403	10	139	23	Пушкинские Горы
1583405	10	133	48	-
1583418	9	135	25	Санкт-Петербург
1583439	10	228	-	-
1583441	6	180	16	Иваново
1583114	5	693	-	Екатеринбург
1583115	4	357	-	-
1583117	9	358	-	Москва
1583120	9	502	116	Королёв
1583122	7	227	-	-
1583127	4	87	26	Москва
1583129	5	129	52	Brugge
1583140	3	293	-	-
1583141	7	321	19	Новые Анены
1583146	4	312	21	Ижевск
1582932	3	734	-	Чушка
1582935	1	276	22	Оренбург
1582938	9	241	112	Toronto
1582940	4	251	25	-
1582944	5	549	-	-
1582950	8	322	-	-
1582959	5	208	16	Алматы
1582973	2	455	112	Saint John's
1582981	7	510	-	Алматы
1583011	2	236	20	Москва
1582787	9	351	30	Магнитогорск
1582809	42	201	25	Санкт-Петербург
1582895	35	299	-	-
1582854	11	205	-	-
1582923	12	142	29	Электросталь
1583884	2	102	-	-
1582575	0	5	19	Нижний Новгород
1582576	4	168	-	Пойковский
1582588	2	117	20	Москва
1582589	40	131	-	Москва
1583902	9	13	-	Houston
1582466	2	58	-	Москва
1582468	4	78	-	Compton
1582469	8	46	30	Магнитогорск
1582475	10	100	-	-
1582481	11	108	-	Санкт-Петербург
1582482	7	52	-	Екатеринбург
1582484	17	44	-	Kawasaki
1582495	14	52	20	Нижний Новгород
1582503	14	83	19	Кривой Рог
1582508	7	53	-	Херсон
1582352	17	91	-	Москва
1582445	16	39	-	Санкт-Петербург
1582500	10	20	19	Санкт-Петербург
1582193	4	331	-	-
1582195	6	232	-	-
1582473	11	47	52	Brugge
1582488	21	49	116	-
1582514	4	172	-	-
1582010	23	231	-	Брянск
1582108	18	163	-	Washington, D.C.
1581406	7	242	-	Tokyo
1581408	5	946	-	-
1581980	3	166	-	-
1582002	6	286	22	Харьков
1582003	6	194	-	-
1582060	9	395	-	Санкт-Петербург
1582520	6	57	25	Горняк
1582551	3	60	110	Liverpool
1583938	4	6	21	-
1583946	6	23	27	-
1581072	5	165	19	Москва
1581074	20	663	-	Ōsaka
1581089	20	303	-	Южно-Сахалинск
1581098	17	388	19	Москва
1580878	10	946	-	Москва
1580888	6	484	-	-
1580892	3	988	23	Санкт-Петербург
1580896	7	1006	-	Москва
1580898	9	1112	-	Киев
1580900	5	1985	-	-
1580908	49	228	-	Москва
1580936	7	1134	24	Москва
1581007	7	194	-	Казань
1581088	7	486	-	Киев
1580546	16	362	20	Арзамас
1580571	12	291	-	Винница
1580580	9	196	116	Луганск
1580593	9	151	-	Ровно
1580352	3	405	-	Москва
1580360	9	456	23	Chicago
1580390	7	249	-	Винница
1580410	22	368	72	-
1580422	10	204	22	Краснодар
1580492	40	196	-	Montréal
1580496	14	285	17	Воронеж
1579901	11	151	25	Санкт-Петербург
1579910	6	187	-	-
1583926	12	22	-	-
1579699	2	128	-	Нижневартовск
1579703	3	377	-	Днепропетровск (Днепр)
1579710	2	209	-	-
1579712	21	531	-	-
1579735	20	297	116	-
1579740	18	502	25	Санкт-Петербург
1579776	21	197	-	Тольятти
1579789	17	306	17	Кострома
1579794	20	415	-	-
1579852	22	144	-	Челябинск
1579531	28	315	17	Екатеринбург
1579536	2	211	-	Чушка
1579543	10	385	-	Тольятти
1579584	14	198	18	London
1579604	12	225	-	Пермь
1579667	9	122	-	Ставрополь
1579781	10	238	-	-
1580216	4	228	116	Розовка
1579147	15	222	-	Кострома
1579365	14	153	14	-
1579449	24	132	-	Москва
1579489	4	137	-	-
1579073	8	121	-	-
1579079	20	115	-	-
1579092	16	98	-	Мытищи
1579281	20	203	-	-
1578804	4	212	-	-
1578806	5	192	-	-
1578810	9	158	-	-
1579393	7	242	-	-
1578586	13	273	-	Кострома
1578604	13	253	-	-
1578605	23	240	28	Луганск
1578610	15	139	-	-
1578641	29	143	17	-
1578660	8	157	-	-
1578732	16	142	-	-
1578744	12	274	-	Санкт-Петербург
1578766	17	134	-	Липецк
1578873	1	19	-	Магадан
1578475	4	301	25	-
1578480	9	655	-	Hell
1578484	9	268	26	-
1578492	4	438	-	-
1578496	8	363	15	Саратов
1578498	11	245	-	Москва
1578500	17	438	-	-
1578501	8	268	-	-
1578505	7	239	26	-
1578537	12	256	-	Shanghai
1578339	4	290	-	-
1578353	1	137	-	Sendai
1578444	5	144	-	Днепропетровск (Днепр)
1578466	4	79	-	-
1578474	13	131	21	Барнаул
1578079	3	245	-	-
1578086	5	133	-	-
1578090	1	152	-	Чушка
1578098	31	139	24	Нижний Тагил
1578122	27	171	-	Томск
1578141	24	180	-	-
1578214	31	203	-	-
1577817	3	257	16	-
1577822	3	126	-	Черногорск
1577834	8	175	-	-
1577853	14	191	-	Columbus
1577854	9	120	-	-
1577878	9	129	-	-
1577891	8	188	-	Запорожье
1577900	8	124	20	Москва
1577991	4	92	-	-
1578215	11	155	16	Хмельницкий
1577531	27	176	26	Москва
1577544	7	112	-	-
1577548	28	95	19	London
1577569	34	105	-	Doncaster
1577581	27	62	-	-
1577614	22	82	-	Тамбов
1577200	19	91	-	-
1577361	40	199	23	Пушкинские Горы
1577529	47	133	-	Североморск
1576761	5	368	-	-
1576779	4	339	26	Рыбинск
1576912	15	379	-	-
1576961	10	212	-	Иркутск
1577012	8	154	-	-
1577103	7	204	-	Columbus
1576564	2	270	-	Самара
1576595	10	102	-	Барнаул
1576638	14	356	20	Климовск
1576734	7	407	19	-
1576441	8	423	44	Kyōto
1576445	5	363	-	Ижевск
1576448	4	329	19	-
1576449	8	169	-	Видное
1576452	5	385	-	-
1576454	7	356	-	-
1576459	2	346	-	Тюмень
1576460	9	217	-	Видное
1576461	1	493	21	Kyōto
1576464	6	386	-	-
1576171	5	240	-	-
1576187	7	159	-	-
1576205	16	241	44	Kyōto
1576253	31	152	-	-
1576274	15	185	-	-
1576343	21	77	-	-
1576381	6	67	27	Москва
1576413	15	175	-	-
1576546	10	100	-	-
1578718	10	28	-	-
1575948	4	333	-	Томск
1575953	7	207	-	Москва
1575954	5	308	-	-
1575959	12	363	-	-
1575976	11	313	62	Columbus
1575979	10	259	24	Нижний Тагил
1575439	3	212	-	Москва
1575447	4	152	-	-
1575449	11	193	19	Подольск
1575451	7	213	24	Нижний Тагил
1583958	6	3	-	Саратов
1575321	8	381	-	-
1575323	6	296	24	-
1575393	10	184	-	-
1575413	90	354	-	-
1575817	3	112	21	Миоры
1575296	16	411	-	-
1575306	9	275	-	-
1575368	13	231	-	Петропавловск-Камчатский
1574633	3	232	15	Евпатория
1574722	7	495	-	Тамбов
1583960	2	1	-	Саратов
1574393	11	184	-	Тольятти
1574282	18	178	-	Москва
1574284	15	356	24	-
1574288	1	60	116	Köln
1574301	10	217	116	Коростышев
1574349	14	353	-	Самара
1574130	2	343	19	Москва
1574135	6	167	-	Киев
1574138	2	205	17	Киев
1574139	1	384	-	-
1574144	3	274	21	-
1574149	17	402	-	-
1574150	16	526	-	Днепропетровск (Днепр)
1573919	13	198	-	Ростов-на-Дону
1573921	17	180	-	Москва
1573928	17	297	-	-
1574058	9	239	-	-
1574075	22	278	18	Москва
1574187	19	152	-	Москва
1573687	4	398	17	Буденновск
1573695	7	350	-	Санкт-Петербург
1573725	7	210	-	Киев
1573736	9	481	-	Днепропетровск (Днепр)
1573839	5	589	-	Мытищи
1573948	11	332	18	Москва
1573477	9	271	17	Тюмень
1573485	4	370	18	Уфа
1573503	27	217	-	-
1573535	35	207	-	Москва
1573580	30	263	-	-
1573325	5	258	-	Барнаул
1573329	7	267	17	Нижний Новгород
1573335	12	250	-	-
1573336	4	250	-	Екатеринбург
1573338	7	253	23	Yokohama
1573480	25	445	17	Сочи
1573649	12	151	-	Минск
1572955	5	131	-	Санкт-Петербург
1572959	12	189	-	Москва
1572969	14	176	-	-
1572986	9	353	23	-
1573136	17	309	-	Калуга
1572813	4	474	17	-
1572828	22	599	-	Ростов-на-Дону
1573005	14	345	23	-
1572677	16	110	20	Барнаул
1572701	9	100	-	Житикара
1572274	9	405	-	Рудный
1572282	23	266	-	-
1572297	10	221	-	Рязань
1572346	12	250	-	Козова
1572051	2	530	-	-
1572061	8	423	116	-
1572074	4	355	-	Кострома
1572164	4	269	-	-
1572189	38	269	-	Краснодар
1571692	13	147	-	-
1571697	36	148	15	Саратов
1571533	2	76	-	Алматы
1571542	3	129	15	-
1571546	21	271	-	Тирасполь
1571983	22	141	-	Алчевск
1570945	4	490	-	-
1570947	1	153	19	Оренбург
1570962	3	79	-	Киев
1571149	8	244	-	Bonn
1584006	7	2	-	Саратов
1570806	4	513	-	-
1570895	3	243	-	Santo Domingo
1571009	8	369	-	Gibraltar
1571078	3	325	-	Santo Domingo
1571089	16	188	-	Москва
1571130	7	177	-	Gibraltar
1570201	2	1077	19	Харьков
1570206	2	224	-	-
1570207	12	1486	-	-
1570210	16	1692	-	Москва
1570213	3	407	19	Ярославль
1570215	6	434	-	Запорожье
1570221	8	376	-	Красноярск
1570222	8	305	-	-
1570223	6	1025	-	Софьино
1570224	4	344	-	Киев
1570033	5	165	15	-
1570039	10	470	-	Лебедин
1570056	23	179	18	-
1570150	8	224	-	Тюмень
1570185	7	179	-	Миасс
1570211	8	177	-	Миасс
1570217	6	193	-	Миасс
1570247	8	270	24	Николаев
1570280	4	117	21	Белополье
1570308	4	89	22	Кировград
1569096	4	135	16	-
1569234	25	163	-	Санкт-Петербург
1569286	13	143	15	Тольятти
1568952	2	251	-	-
1568957	2	142	-	-
1568962	6	523	-	Севастополь
1568963	8	446	-	-
1568975	7	277	-	Санкт-Петербург
1568985	16	325	19	Красногорск
1568990	12	150	-	-
1569014	18	496	19	Вологда
1569388	4	313	-	Columbus
1568569	3	242	-	-
1568574	4	193	14	-
1568578	7	184	-	Херсон
1568582	10	110	-	Ставрополь
1568584	6	127	14	-
1568589	6	190	-	Санкт-Петербург
1568595	5	120	116	Paris
1568601	8	194	22	Семей
1568602	20	127	-	-
1568609	20	154	-	-
1568432	9	326	-	-
1568127	6	84	-	Москва
1567254	6	617	-	-
1567258	6	448	-	-
1567264	4	366	20	Санкт-Петербург
1567267	5	552	-	Днепропетровск (Днепр)
1567275	6	320	-	-
1567276	6	479	15	Санкт-Петербург
1567286	2	350	-	Комсомольск-на-Амуре
1567288	6	401	-	Yokohama
1567317	12	379	116	-
1567371	2	428	-	Berlin
1567083	7	1242	-	Санкт-Петербург
1567115	12	663	-	-
1566849	2	440	-	-
1566866	5	628	19	Рязань
1566655	1	104	-	Москва
1566670	21	125	-	Киев
1566763	14	251	-	Москва
1566502	12	212	-	Киев
1566512	9	384	-	-
1566528	11	339	-	Самара
1566563	12	252	-	Ростов-на-Дону
1566270	6	320	-	-
1566273	7	147	18	Елец
1566373	11	113	-	Козова
1566381	5	85	-	Одесса
1566396	10	83	-	-
1566124	12	237	-	-
1565892	3	472	-	Boston
1566007	7	254	-	-
1565658	10	682	-	Niamey
1565716	7	303	22	Казань
1565721	19	289	116	-
1565791	10	504	21	-
1565806	7	373	22	Казань
1566062	13	502	75	-
1583879	2	0	-	-
1565292	3	346	-	Ōsaka
1565295	12	313	-	Киев
1565321	11	361	-	Чушка
1583691	9	0	-	Düsseldorf
1565199	4	541	-	Киев
1565077	8	343	-	Красноярск
1565080	7	258	16	-
1565284	4	113	-	-
1564686	6	192	19	Краснодар
1564687	8	151	-	Новосибирск
1564700	5	196	-	Екатеринбург
1564721	9	314	-	Севастополь
1564841	134	191	-	Рязань
1564244	13	159	-	Ижевск
1564299	4	483	-	Усолье-Сибирское
1564354	170	121	116	-
1564363	15	385	26	Москва
1564368	16	190	-	-
1564370	13	126	-	-
1564516	3	128	-	Харьков
1564583	9	541	-	Симферополь
1564024	6	165	-	-
1564039	17	209	-	Пушкино
1564048	11	141	-	Чушка
1564227	7	334	18	Москва
1563356	3	328	-	Cleveland
1563374	4	148	-	-
1563406	18	245	-	-
1563410	187	366	116	-
1563444	21	260	17	Магадан
1562948	2	77	-	-
1562979	5	197	19	Москва
1563260	11	152	-	Washington, D.C.
1563607	5	131	-	Алматы
1563619	15	195	-	-
1583793	7	0	-	Москва
1562826	8	256	-	Москва
1562849	5	411	-	-
1562952	10	228	-	-
1563107	25	171	-	-
1563229	28	283	16	Балашиха
1563240	11	201	-	Новороссийск
1562337	7	665	-	Екатеринбург
1562366	9	286	-	Санкт-Петербург
1562397	6	336	20	Нижний Новгород
1562448	14	476	-	-
1562453	4	235	-	-
1562512	12	157	-	Киев
1562581	51	286	-	Киев
1562347	5	244	24	Подольск
1562356	55	51	116	-
1562369	8	177	-	-
1562034	6	260	74	Narva (Нарва)
1562035	5	145	116	Красноярск
1562177	26	97	21	Москва
1562186	4	215	-	Оренбург
1562232	1	143	21	Москва
1562237	14	184	-	-
1562242	14	367	21	Москва
1561694	4	158	-	-
1561561	3	211	-	Санкт-Петербург
1561565	16	242	-	-
1561574	9	171	-	-
1561577	14	276	62	Columbus
1561581	18	334	-	Екатеринбург
1561651	17	155	-	Новосибирск
1561672	15	102	18	Бишкек
1561261	1	143	-	Тюмень
1561278	17	172	-	Екатеринбург
1561184	11	86	-	Екатеринбург
1561187	9	157	-	-
1561227	39	276	18	Бишкек
1560488	31	373	-	Киев
1560501	28	709	16	-
1560518	22	415	-	Ростов-на-Дону
1560275	5	322	-	Королёв
1560285	7	520	-	Ростов-на-Дону
1560026	10	196	87	Москва
1560034	14	291	16	-
1560123	11	232	18	-
1560298	5	377	-	Хабаровск
1559092	5	532	-	Tokyo
1559099	4	304	-	Воронеж
1559103	13	276	-	Москва
1559106	1	746	-	-
1559107	15	348	-	Полтава
1559109	11	262	19	Петрозаводск
1559130	18	283	20	Саратов
1559226	14	321	16	Москва
1559286	5	343	21	Днепропетровск (Днепр)
1559294	9	279	-	-
1558820	14	142	21	Сыктывкар
1558841	12	268	-	-
1558669	2	205	-	Санкт-Петербург
1558675	24	212	-	Екатеринбург
1558967	10	192	-	-
1558526	18	160	-	Fiddes
1557980	4	128	-	-
1558012	5	306	-	-
1557815	9	242	-	Екатеринбург
1557817	4	284	-	Тверь
1557858	10	368	-	Киев
1557865	17	195	-	Ижевск
1558006	8	267	22	Бишкек
1557616	9	118	19	-
1557169	7	182	-	-
1557170	2	278	-	-
1557178	17	306	-	Санкт-Петербург
1557206	45	357	103	Montréal
1557267	18	296	103	Montréal
1557342	11	176	-	-
1557488	37	246	-	Tokyo
1556761	3	275	-	-
1556765	4	366	20	Санкт-Петербург
1556770	5	211	-	-
1556805	13	286	19	Вологда
1557005	3	160	-	Новосибирск
1557410	5	210	-	Тюмень
1556552	4	349	-	-
1556553	85	179	72	Ōsaka
1556565	4	261	19	Белореченск
1556569	6	586	-	Калининград
1556570	9	340	-	Ставрополь
1556571	12	412	-	-
1556587	8	342	-	Уфа
1556594	96	162	-	-
1556647	24	758	-	Харьков
1556703	13	450	-	Якутск
1556378	1	240	-	-
1556399	9	237	-	Калининград
1556546	1	84	-	Бишкек
1556567	20	205	-	Мариуполь
1556633	6	121	-	Екатеринбург
1556657	17	144	-	Москва
1556088	12	170	-	-
1556090	7	214	72	Ōsaka
1556093	5	74	17	Санкт-Петербург
1556097	21	198	-	-
1556148	5	44	-	-
1556184	3	438	-	Москва
1556190	1	306	-	Санкт-Петербург
1555926	3	362	-	-
1555931	8	128	-	Hell
1555932	4	218	-	-
1555961	31	197	-	Hell
1556025	2	448	-	-
1555832	12	263	23	Yokohama
1555853	8	188	-	-
1555886	15	181	-	Нармушадь
1555905	10	75	27	Ростов-на-Дону
1555912	27	215	-	-
1555913	11	163	100	-
1555944	12	103	-	Алматы
1555955	9	195	-	-
1555967	7	135	-	Бердянск
1555993	11	266	-	-
1555389	7	560	100	-
1555145	4	345	-	Москва
1555176	16	323	-	Пермь
1555309	6	445	-	Челябинск
1555313	7	346	-	-
1555315	8	191	-	Пермь
1555320	13	317	-	Краснодар
1555333	11	188	-	-
1555461	17	156	16	Екатеринбург
1554727	25	243	20	Москва
1554776	26	342	-	Днепропетровск (Днепр)
1554787	21	317	15	Санкт-Петербург
1554862	35	293	-	-
1554605	11	245	33	Кемерово
1554607	7	146	-	-
1554610	11	189	-	-
1554623	13	417	17	Химки
1554644	21	263	-	-
1554781	3	164	23	Yokohama
1554824	16	243	25	Санкт-Петербург
1554910	9	176	-	Черкесск
1554460	1	153	21	Kraków
1554465	5	299	-	-
1554467	5	200	20	Вологда
1554476	18	404	-	-
1554477	18	265	-	-
1554484	16	193	-	Алматы
1554494	18	542	27	Нижний Новгород
1554527	18	353	-	Пермь
1554629	13	292	22	Ставрополь
1554974	14	179	-	-
1554330	13	191	-	-
1554383	18	280	-	Тамбов
1554432	15	250	-	Барнаул
1554449	15	768	-	Тамбов
1554240	7	231	-	-
1554242	3	85	-	-
1554249	12	284	19	Омск
1554264	7	147	-	Краснодар
1554269	10	276	-	-
1554270	18	388	-	-
1553391	7	339	-	Москва
1553398	8	122	27	Санкт-Петербург
1553275	2	320	116	Москва
1553320	17	395	-	-
1553041	6	449	15	Санкт-Петербург
1553048	6	328	19	-
1552481	17	137	19	-
1552289	12	247	-	Киев
1552311	5	132	19	-
1552081	16	335	20	-
1552200	21	341	19	Вологда
1552214	19	135	22	-
1552282	14	158	22	Бельцы
1552356	20	220	-	-
1552774	3	170	23	Москва
1551665	6	335	17	Пермь
1551737	4	128	-	Астрахань
1551918	10	131	-	-
1552000	23	202	-	Мариуполь
1551711	11	265	-	-
1551382	4	175	33	Кемерово
1551391	5	222	-	-
1551392	15	151	-	Melbourne
1551393	25	279	44	Kyōto
1551232	10	103	-	-
1551242	17	274	44	Kyōto
1551270	16	333	-	Воронеж
1551306	18	274	16	Jalalabad
1551448	7	167	-	-
1551694	7	234	-	Москва
1551099	28	213	-	-
1551103	12	320	-	Воронеж
1551106	23	212	-	Киев
1551121	22	378	-	-
1551130	20	296	-	Днепропетровск (Днепр)
1551133	29	295	19	Вологда
1551151	15	264	18	Омск
1551188	32	153	44	Kyōto
1551211	2	3	-	Москва
1551396	13	250	15	Новосибирск
1550569	4	78	20	Москва
1550573	10	154	44	Kyōto
1550574	6	91	-	-
1550588	6	157	-	Ярославль
1550590	9	288	-	Санкт-Петербург
1550607	6	207	-	Santa
1550608	22	166	44	Kyōto
1550609	9	157	72	Ōsaka
1550655	16	160	19	Вологда
1550860	9	173	22	Москва
1550417	6	296	-	-
1550419	3	133	-	Иркутск
1550430	11	269	-	Düsseldorf
1550435	8	172	-	Челябинск
1550440	18	193	-	Днепропетровск (Днепр)
1550442	21	343	44	Kyōto
1550504	7	192	-	-
1550520	11	124	19	Вологда
1550667	11	236	19	Вологда
1550423	6	154	-	Воронеж
1550545	4	101	-	Симферополь
1551214	6	25	17	Старый Оскол
1549727	1	469	-	Чернобыль
1549732	12	426	-	-
1549737	2	264	-	Tokyo
1549746	2	560	-	Бисерть
1549751	7	758	-	Санкт-Петербург
1549866	10	352	-	Ростов-на-Дону
1549947	244	140	-	-
1549987	3	512	-	Уфа
1549997	7	282	-	Москва
1549565	15	277	-	-
1549568	12	395	15	Санкт-Петербург
1549575	19	153	-	-
1549587	20	245	-	-
1549594	6	296	-	-
1557437	5	0	-	-
1549326	5	203	-	-
1549330	20	310	-	Москва
1549349	37	278	-	-
1549358	19	201	-	-
1549361	9	193	19	-
1548876	7	181	-	Якутск
1548879	7	417	-	Санкт-Петербург
1548888	3	185	16	-
1548893	7	180	-	Тула
1549010	10	196	20	-
1549028	7	200	-	Санкт-Петербург
1549075	14	134	15	Коростышев
1549087	4	176	-	-
1549122	40	236	29	Москва
1548608	1	182	-	Ulsan
1548691	3	233	-	-
1548892	14	243	-	-
1553476	3	29	-	-
1548189	2	155	-	Киев
1548190	2	236	19	Ростов-на-Дону
1548193	14	147	-	Ставрополь
1548202	12	219	24	Нижний Тагил
1548212	16	185	103	Montréal
1548219	19	226	-	-
1548271	16	279	-	Москва
1548039	9	366	-	Королёв
1548044	4	267	-	Тамбов
1548053	6	246	17	Нижний Новгород
1548060	19	392	-	-
1548135	3	153	19	Вологда
1548177	5	139	-	-
1548206	2	196	-	-
1548227	17	153	-	Чебаркуль
1547908	4	166	33	Кемерово
1547964	6	232	-	Чушка
1547764	3	225	-	Санкт-Петербург
1547766	2	242	-	London
1547782	28	263	-	-
1547482	5	261	-	-
1547488	2	113	-	-
1547499	5	110	-	Петропавловск
1547851	6	183	15	Санкт-Петербург
1547003	9	409	-	Курск
1547019	5	292	16	Петропавловск
1547037	28	286	-	Ростов-на-Дону
1546438	12	203	-	Киев
1546439	1	294	-	-
1546444	1	444	-	Helsinki
1546457	11	572	-	Днепропетровск (Днепр)
1546459	4	280	20	-
1546467	12	438	-	Санкт-Петербург
1546493	12	176	-	-
1546613	12	791	18	Ровно
1546780	7	98	-	-
1546269	2	170	-	-
1546275	14	273	-	Москва
1546283	4	545	15	Вышний Волочек
1546300	16	753	-	Днепропетровск (Днепр)
1545828	13	297	-	Ottawa
1545632	6	393	-	-
1547318	1	9	-	Норильск
1545431	7	201	-	-
1545440	5	328	17	Екатеринбург
1545444	8	211	17	Владикавказ
1545445	6	273	-	Ростов-на-Дону
1545463	5	189	-	-
1545473	1	183	103	Montréal
1545489	4	183	17	Таганрог
1545523	11	280	19	Вологда
1545574	12	241	19	-
1545605	7	219	-	-
1544676	2	133	-	-
1544679	8	256	-	Ижевск
1544680	4	146	-	-
1544687	4	231	-	Москва
1544691	4	213	-	Beograd
1544703	6	244	-	-
1544712	4	178	15	Коростышев
1544718	17	367	-	Kyōto
1544719	13	223	-	-
1544733	4	77	-	Днепропетровск (Днепр)
1544429	5	246	24	-
1544433	4	168	-	Киев
1544438	7	237	78	Москва
1544439	5	165	-	Чушка
1544446	10	124	17	Обнинск
1544514	49	143	-	Краснодар
1544527	7	93	-	Тамбов
1544548	4	85	-	-
1544621	15	156	112	Cotton Valley
1544827	32	135	-	Актау
1544145	20	341	-	Санкт-Петербург
1544232	21	330	-	-
1544517	17	165	-	Орёл
1543757	4	199	-	Санкт-Петербург
1543771	9	139	116	-
1543788	7	350	-	-
1543553	11	651	-	-
1543557	4	326	-	Днепропетровск (Днепр)
1543558	12	468	-	-
1543559	4	457	-	-
1543562	10	137	-	Тула
1543584	16	441	-	-
1543609	22	212	-	-
1543622	4	198	19	Новые Анены
1543624	18	234	44	Kyōto
1543639	11	285	-	-
1543155	3	284	-	Киев
1543156	2	87	-	-
1543157	6	201	-	Tokyo
1543161	2	201	-	-
1543188	15	182	-	Киев
1543211	14	513	-	Санкт-Петербург
1543253	8	295	-	-
1543262	7	358	-	Санкт-Петербург
1543268	33	268	44	Kyōto
1543017	10	155	-	-
1543019	3	135	-	Тирасполь
1543043	4	301	-	-
1543080	11	240	-	Воронеж
1543084	22	192	-	Богородицк
1543115	4	309	-	-
1543162	43	186	44	Kyōto
1543198	7	147	-	Красноярск
1543227	6	111	114	-
1543248	30	197	19	Вологда
1542257	6	175	72	Ōsaka
1542271	3	123	-	Казань
1542272	1	117	-	-
1542274	1	157	-	Москва
1542277	8	148	-	Донецк
1542307	6	179	-	-
1542344	1	169	19	Астана
1542126	8	243	-	Киселевск
1542131	14	639	72	Ōsaka
1542135	7	381	-	Санкт-Петербург
1542136	5	292	20	-
1542162	39	326	-	Ростов-на-Дону
1542174	1	213	-	Киев
1542189	10	294	-	Ростов-на-Дону
1542204	9	216	-	-
1542350	39	185	-	Астрахань
1542375	1	133	77	Yokohama
1541795	2	270	-	-
1541796	11	88	72	Ōsaka
1541805	2	140	-	Калининград
1541840	7	158	-	Ōsaka
1541932	4	63	-	-
1541586	18	500	17	Тюмень
1541592	11	125	-	Большой Камень
1541605	10	314	19	-
1541613	10	217	-	Cairo
1541615	20	187	31	Москва
1541622	22	120	-	-
1541749	14	186	14	Калач
1541756	5	118	-	Washington, D.C.
1541769	11	171	-	-
1541430	4	210	16	Гусь-Хрустальный
1541462	22	75	-	Воронеж
1541864	4	141	18	Ровно
1541153	4	235	-	Киев
1541161	4	116	-	-
1541170	6	145	-	-
1541202	5	308	20	Санкт-Петербург
1541528	282	320	-	-
1540946	2	76	16	Гусь-Хрустальный
1540953	3	84	-	Санкт-Петербург
1540954	14	86	15	Саратов
1540961	7	73	-	Chicago
1540980	10	65	-	Воронеж
1541013	17	84	24	Нижний Тагил
1541018	15	64	-	-
1541375	20	205	19	Malmö
1540789	11	187	14	Ворсма
1540805	5	73	-	Уральск
1540808	7	164	-	-
1540811	9	318	-	-
1540837	6	42	-	Шахты
1540848	6	83	116	Севастополь
1540853	14	63	-	-
1540398	1	158	-	-
1540402	6	1026	-	-
1540403	4	1305	-	Stockholm
1540405	8	919	-	-
1540412	1	278	17	Каспийск
1540418	8	592	-	-
1540428	2	364	-	Лермонтов
1540429	10	650	-	Oslo
1540431	3	710	-	Астана
1540432	6	192	-	-
1540229	3	74	20	-
1540268	10	209	-	Воронеж
1540321	23	194	-	-
1540073	11	774	21	Краснодар
1540079	8	325	-	Санкт-Петербург
1540080	6	242	-	Елец
1540084	6	176	-	-
1540116	15	101	-	-
1540129	6	126	17	Екатеринбург
1540136	12	221	-	Санкт-Петербург
1540168	30	253	-	Санкт-Петербург
1540230	9	98	-	Киев
1539934	6	144	17	Кострома
1539947	16	231	-	-
1539974	13	99	-	Воронеж
1539986	11	188	-	Москва
1540109	8	154	-	-
1539826	6	200	-	Пушкино
1539849	9	187	23	Москва
1539851	29	440	31	Москва
1539854	13	160	20	Полтава
1539862	26	145	-	-
1539863	11	172	37	Полоцк
1539901	8	160	-	Пермь
1539920	22	207	-	Воронеж
1539713	3	253	-	Ульяновск
1539721	15	227	-	Екатеринбург
1539728	62	122	-	Оренбург
1539744	17	178	-	Пермь
1539750	10	165	-	Алматы
1539905	9	144	-	-
1542803	6	8	-	Набережные Челны
1539264	3	594	-	Москва
1539149	4	703	-	-
1539151	3	513	-	-
1539160	21	732	-	Днепропетровск (Днепр)
1539169	4	449	28	Киев
1539173	7	490	17	Щекино
1539242	22	1351	-	Санкт-Петербург
1538976	16	451	-	Киев
1538991	4	12	-	-
1538836	16	1501	-	Зарайск
1538838	10	451	19	Одесса
1538839	5	850	-	Сочи
1538842	22	839	19	Вологда
1538844	10	241	20	Уссурийск
1538853	13	543	-	-
1538869	12	562	-	-
1538886	12	1062	-	Санкт-Петербург
1538903	16	547	-	Москва
1538906	15	321	19	Вологда
1538446	8	68	-	-
1538463	8	183	21	Алматы
1538464	26	170	-	Днепропетровск (Днепр)
1538283	16	243	18	-
1537918	8	179	-	-
1538008	5	163	-	Санкт-Петербург
1538016	6	93	19	-
1538146	19	167	15	-
1538337	5	135	-	Seoul
1537756	40	341	106	Челябинск
1537761	4	230	-	-
1537762	39	158	19	Вологда
1537765	40	168	-	Улан-Удэ
1537767	16	232	-	Воронеж
1537784	40	180	-	-
1537786	12	165	22	Севастополь
1537795	40	423	-	Харьков
1537799	37	270	-	Санкт-Петербург
1537807	25	411	-	-
1537370	8	117	-	-
1537376	7	158	-	Воронеж
1537448	5	275	-	-
1537459	19	267	-	Краснодар
1537699	13	150	20	Винница
1537226	6	253	25	-
1537276	24	130	-	-
1537326	14	150	-	-
1537342	12	107	-	-
1537350	5	293	22	Москва
1537029	15	99	-	Санкт-Петербург
1537032	11	125	-	-
1537039	8	176	-	-
1537040	4	196	-	Краснодар
1537068	10	510	-	-
1537082	26	205	-	Югорск
1537115	8	323	-	Дзержинск
1537187	99	325	-	Одесса
1537466	26	173	-	Ростов-на-Дону
1536628	7	262	-	Ростов-на-Дону
1536636	6	394	-	Нягань
1536637	3	214	18	Бугуруслан
1536645	16	291	44	Kyōto
1536653	17	563	-	-
1536669	20	348	-	-
1536691	18	317	44	Kyōto
1536727	15	194	15	Саратов
1536786	16	271	23	Москва
1536800	16	263	-	Челябинск
1536453	2	102	-	-
1536464	4	490	-	-
1536493	10	235	-	Челябинск
1536234	11	304	-	-
1536235	6	240	-	Харьков
1536251	32	280	44	Kyōto
1536264	17	432	-	-
1536402	27	192	-	-
1536463	8	189	15	Саратов
1536560	47	304	-	Санкт-Петербург
1536028	5	203	27	Санкт-Петербург
1536033	5	148	-	Чушка
1536180	7	112	-	Тольятти
1536236	11	303	44	Kyōto
1535864	10	268	-	-
1535873	16	144	-	Барнаул
1535888	7	159	62	Columbus
1536434	20	212	-	-
1536526	11	225	15	Фаустово
1535760	4	277	-	-
1535765	3	441	-	Цимлянск
1535766	58	280	-	Купянск
1535775	19	263	-	Санкт-Петербург
1535783	27	397	-	-
1536065	17	500	-	Астана
1535703	9	216	-	-
1535355	2	338	-	Москва
1535358	4	475	-	-
1535359	2	135	20	Томск
1535370	3	115	-	-
1535384	47	442	116	New York City
1535388	18	301	-	Киев
1535391	10	186	-	Усолье-Сибирское
1535401	3	214	-	Darwin
1535402	5	157	26	-
1535409	4	164	19	Одесса
1535193	4	121	-	-
1535194	15	157	-	-
1535195	5	94	-	-
1534767	10	130	-	-
1534773	7	197	33	Кемерово
1534790	8	220	-	-
1534928	12	243	-	Москва
1534593	4	145	116	Королёв
1534594	4	204	-	-
1534598	21	216	-	Ковров
1534602	6	346	19	-
1534604	13	322	-	-
1534613	10	270	-	-
1534622	13	131	-	Байконур
1534640	16	239	14	Железноводск
1534645	10	197	-	-
1534657	3	177	-	-
1534491	5	219	-	Буйнакск
1534493	15	144	33	Кемерово
1534156	1	125	-	-
1534158	7	60	23	Пушкинские Горы
1534161	4	109	-	-
1534169	6	189	23	Yokohama
1534232	10	240	-	-
1534274	6	217	-	-
1534012	2	128	-	-
1534024	39	292	-	-
1534034	5	129	-	Berlin
1534042	4	103	21	Алматы
1534046	7	180	-	-
1534048	8	138	19	-
1534090	10	147	-	Кострома
1533850	1	438	-	-
1533856	1	315	-	Санкт-Петербург
1533858	8	354	-	Москва
1533859	7	792	-	-
1533871	11	360	-	Самара
1533900	13	267	-	-
1533916	12	318	-	-
1533930	18	284	-	-
1533431	2	219	-	-
1533434	15	251	-	-
1533435	9	93	-	-
1533437	4	330	33	Кемерово
1533440	4	155	116	Vaticano
1533454	7	231	22	-
1533528	13	193	-	-
1533531	8	180	-	Chicago
1533637	8	100	-	Херсон
1533657	13	225	22	-
1533333	10	260	33	Кемерово
1533418	85	211	-	-
1532533	19	683	-	-
1532668	11	622	-	Тамбов
1532677	2	675	22	-
1532936	3	459	-	-
1533134	6	408	-	-
1533297	2	340	-	Чебоксары
1536726	3	9	70	-
1532373	3	303	19	-
1532393	10	195	-	-
1532134	1	192	18	Геленджик
1532139	6	239	116	-
1532166	19	414	-	-
1532185	17	155	-	Москва
1532186	21	413	21	Полтава
1531711	8	1122	17	Екатеринбург
1531715	1	470	-	Киев
1531717	4	1004	-	-
1531738	10	605	-	-
1531741	16	525	-	Санкт-Петербург
1531744	16	476	-	Днепропетровск (Днепр)
1531756	15	406	14	Красноармейск
1531778	3	459	22	Лабинск
1531787	2	415	-	-
1532476	14	90	-	Дзержинск
1530802	3	629	17	Екатеринбург
1530810	2	246	-	Москва
1530859	6	635	15	Кировское
1530961	5	565	-	-
1530991	3	336	-	Malé
1531034	1	526	-	Canberra
1531056	7	182	-	Пенза
1531186	29	262	-	-
1531215	7	911	-	-
1531244	5	597	-	-
1530537	19	235	-	-
1530579	16	216	-	-
1530663	16	219	111	-
1530246	11	319	-	-
1530056	3	242	17	Чернигов
1530066	2	117	17	Екатеринбург
1530447	17	176	-	-
1530654	11	146	-	-
1529663	8	253	-	Москва
1529668	7	187	16	Москва
1529681	22	122	-	Kyōto
1529787	24	346	-	-
1529812	14	336	-	-
1529816	18	203	-	-
1529820	18	354	100	Семилуки
1529444	18	408	-	-
1529810	12	167	-	-
1529830	5	327	116	-
1529298	2	247	31	Лейпциг
1529317	7	240	-	-
1529340	3	378	-	London
1529111	15	302	-	Дзержинск
1529118	13	416	-	-
1529130	10	212	-	-
1529456	3	88	-	Киев
1529497	15	115	-	-
1530113	4	4	-	-
1528788	35	136	-	-
1528797	10	92	65	-
1528818	32	99	-	-
1528993	120	125	-	Норильск
1528582	7	335	-	-
1528585	18	207	-	-
1528588	12	139	-	Москва
1528603	4	203	-	-
1528622	9	187	-	-
1528672	16	168	-	Воронеж
1528707	18	109	-	Карловка
1528710	4	129	-	Нижний Новгород
1528738	19	50	25	-
1528858	17	102	-	-
1528385	1	144	-	Ставрополь
1528388	3	248	-	Chicago
1528412	5	138	-	Stockholm
1528521	11	659	-	-
1528285	3	392	14	Киев
1528504	24	279	-	-
1528038	11	465	-	Москва
1528039	9	320	24	Нерюнгри
1528043	4	210	-	Москва
1528045	11	422	17	Кострома
1528053	8	213	-	Москва
1528084	9	333	-	-
1528110	2	246	-	-
1528135	13	233	-	-
1528174	16	293	-	-
1528213	4	119	-	Воронеж
1527775	11	302	-	Кострома
1527915	9	365	-	-
1527942	25	244	19	Вологда
1528024	20	154	-	Москва
1528114	7	247	20	-
1527681	16	275	-	-
1527683	16	102	-	-
1527686	10	85	-	Запорожье
1527687	7	203	-	-
1527689	10	57	-	-
1527695	22	121	-	Нефтекамск
1527764	16	226	-	-
1527183	7	92	-	Александров
1527185	7	136	-	Рязань
1527343	10	371	-	-
1526948	1	176	-	-
1526953	17	451	44	Kyōto
1526956	9	158	-	-
1526957	10	90	-	-
1526959	6	324	-	Kyōto
1526969	3	183	15	Санкт-Петербург
1526976	1	285	23	Краснодар
1526995	3	399	26	Санкт-Петербург
1527037	13	244	-	-
1527071	4	88	-	-
1526869	17	192	-	-
1526873	21	100	-	Львов
1526880	13	154	19	Вологда
1526882	28	196	-	Воронеж
1526885	2	117	-	-
1526886	16	86	-	-
1526891	1	247	-	-
1526898	36	147	44	Kyōto
1526903	18	191	-	-
1526922	10	171	-	-
1526802	5	87	16	-
1526807	24	158	44	Kyōto
1526525	1	244	44	Kyōto
1526605	11	252	-	-
1526609	17	174	-	Воронеж
1526192	5	528	-	-
1526206	14	160	-	Краснодар
1526235	9	182	19	Вологда
1526281	34	296	-	-
1526451	11	189	-	Санкт-Петербург
1526055	5	84	16	Екатеринбург
1526059	3	101	-	-
1526131	7	239	-	-
1525858	3	175	-	-
1525878	6	312	-	Санкт-Петербург
1525892	15	232	-	Томск
1525898	61	162	18	Усть-Каменогорск
1525918	11	369	19	Вологда
1525750	22	229	-	Санкт-Петербург
1525192	3	389	-	-
1525207	7	270	-	Łódź
1525215	7	264	-	Томск
1525217	6	553	-	Гродно
1525225	8	374	23	Нальчик
1525040	4	249	65	-
1525042	5	418	-	Москва
1525057	14	574	28	Киев
1525058	11	303	-	-
1525065	18	651	-	Тамбов
1525074	16	526	-	-
1525161	13	511	25	Санкт-Петербург
1524674	6	156	116	Челябинск
1524693	8	270	-	-
1524709	9	272	-	-
1524726	9	227	18	Xi'an
1524411	4	274	-	-
1524412	12	312	-	Киев
1524424	2	165	-	-
1524425	10	530	25	-
1524432	6	262	26	Барнаул
1524440	9	221	-	Киров
1524441	10	245	-	Киев
1524444	15	168	25	Санкт-Петербург
1524452	15	131	-	-
1524477	15	95	-	Москва
1524247	6	128	100	Cícero Dantas
1524252	7	203	-	Минск
1524259	7	187	24	Нижний Тагил
1524269	9	227	-	-
1524309	24	155	-	-
1524328	6	166	-	-
1524586	7	37	-	-
1524601	4	34	112	Киев
1524610	6	26	-	Москва
1524614	40	39	-	Москва
1524026	16	90	-	Москва
1524033	18	229	-	Воронеж
1524060	18	180	-	-
1524181	12	222	24	Нижний Тагил
1524603	18	59	15	Олонец
1524622	12	87	-	Орехов
1523852	5	215	-	Киев
1523853	14	185	116	Саратов
1523858	6	340	-	Ижевск
1523859	4	267	-	Волгоград
1523863	9	118	35	Махачкала
1523876	8	316	26	Баку
1523877	5	249	-	-
1523903	15	161	-	-
1523904	4	301	116	Харьков
1523920	11	279	-	Санкт-Петербург
1523481	3	237	-	-
1523583	15	234	-	Воронеж
1523617	9	352	-	-
1523637	9	226	-	-
1524630	3	16	-	München
1523338	5	190	-	-
1523339	5	500	19	Жодино
1522750	14	212	16	-
1522752	12	116	-	-
1522798	21	258	-	-
1522822	4	316	19	Вологда
1522526	4	163	106	-
1522531	6	190	-	Санкт-Петербург
1522558	26	285	19	Вологда
1522560	71	190	-	Липецк
1522570	1	203	-	Москва
1522579	24	328	-	-
1523051	4	10	-	Sydney
1522394	8	295	-	-
1522428	29	172	24	Москва
1522433	10	288	19	-
1522497	8	135	-	-
1522132	6	184	25	-
1522136	9	372	-	Кременчуг
1522144	11	170	-	Ростов-на-Дону
1522153	13	230	-	-
1522155	12	139	16	-
1522157	20	132	-	-
1522164	31	188	-	-
1522227	14	168	-	Бисерть
1522229	15	229	18	Белгород
1524624	1	5	-	-
1521665	54	159	-	-
1521675	21	142	44	Kyōto
1521456	2	330	19	-
1521464	12	508	44	Kyōto
1521467	4	88	-	-
1521473	3	200	-	Воронеж
1521507	6	183	-	Томск
1521194	18	1395	-	London
1521199	6	279	-	-
1521210	2	753	-	-
1521211	14	690	62	-
1521223	17	879	-	-
1521229	9	402	24	-
1521232	18	399	19	Одесса
1521249	16	246	-	Beograd
1521259	17	730	-	-
1521261	24	490	-	Воронеж
1520611	25	390	-	-
1520619	7	110	-	Darwin
1520623	7	257	19	Вологда
1520628	6	222	-	Находка
1520637	1	217	44	Kyōto
1520651	10	124	-	Москва
1520663	19	80	16	-
1520919	3	387	-	-
1520979	22	162	-	-
1521055	19	251	-	Липецк
1520277	16	234	-	Ярославль
1520302	7	996	-	-
1520306	12	221	-	-
1520313	2	79	101	Reykjavík
1520315	2	187	-	Москва
1520316	1	174	20	-
1520326	14	144	-	Киев
1520331	13	737	18	-
1520346	3	482	-	Kyōto
1520347	8	296	17	Сочи
1519709	2	91	17	Харьков
1519743	8	181	19	Ульяновск
1519765	70	186	17	Москва
1519780	14	94	16	-
1519813	11	331	-	-
1519856	2	161	-	Верхоянск
1519902	1	113	-	-
1519929	2	207	44	Kyōto
1519937	2	33	-	-
1519978	5	143	-	-
1519315	3	134	62	Columbus
1519319	4	222	-	Томск
1519328	16	140	16	-
1519331	20	427	62	Columbus
1519353	16	150	19	Вологда
1519358	1	205	-	-
1519372	4	155	19	-
1519387	1	122	19	-
1519425	16	132	-	-
1519482	23	145	-	Санкт-Петербург
1519187	2	403	25	Иваново
1519191	12	279	-	Новосибирск
1519192	3	548	116	Eşfahān
1519193	2	1166	15	Санкт-Петербург
1519196	5	784	-	Жуковский
1519197	9	715	-	Нефтекамск
1519200	8	178	-	Киев
1519209	7	1051	-	-
1519212	8	228	-	-
1519213	14	413	-	Томск
1518742	16	150	-	Santa Fe
1518743	3	121	-	-
1518747	9	91	-	Boston
1518755	3	202	16	-
1518758	4	95	-	Douglas
1518768	3	285	19	-
1518774	10	93	-	-
1518817	14	75	-	Киев
1518605	5	214	18	Оренбург
1518606	6	281	25	Новокузнецк
1518610	11	322	19	-
1518616	13	183	16	Петропавловск
1518629	6	98	-	-
1518638	9	181	19	-
1518644	4	314	-	-
1518442	2	253	-	Москва
1518444	3	116	-	Санкт-Петербург
1518445	4	667	-	Рудный
1518449	12	316	-	Екатеринбург
1518450	13	403	-	Брянск
1518456	5	183	-	Астана
1518459	11	402	-	-
1518460	12	198	17	Mihama
1518473	6	152	-	-
1518476	11	339	-	-
1518361	13	260	-	-
1518377	12	274	-	Мончегорск
1518386	3	324	22	Бишкек
1518471	10	151	-	-
1518567	6	97	-	Yokohama
1518594	2	209	-	Хабаровск
1518246	7	446	-	Сочи
1518283	8	159	-	-
1518288	8	150	-	-
1517943	2	27	-	Санкт-Петербург
1518095	2	93	20	-
1517240	8	245	-	-
1517243	10	357	-	-
1517265	8	176	19	Одесса
1517318	12	135	19	-
1524643	12	14	-	-
1517139	9	581	16	-
1517141	11	483	-	Москва
1517143	7	617	26	Баку
1517153	19	676	-	-
1517160	22	565	-	Кременчуг
1517171	4	579	-	-
1517172	17	402	-	Кременчуг
1517175	5	244	-	-
1517183	9	224	-	Купянск
1517196	14	326	-	Кременчуг
1516997	6	119	15	Мари-Турек
1517005	14	202	-	-
1517030	16	351	-	-
1516778	10	430	-	Москва
1516789	27	302	17	Кострома
1516597	33	277	114	Санкт-Петербург
1516606	8	133	19	-
1516612	9	194	-	Firenze
1516620	16	115	43	Рошаль
1516624	12	117	115	Когалым
1516692	10	143	16	-
1516707	15	143	-	-
1516729	14	86	-	-
1516759	56	169	-	Можайск
1516815	14	166	-	Пятигорск
1516448	22	316	20	Саратов
1516454	10	142	-	-
1516459	16	113	19	-
1516465	5	169	18	Москва
1516474	23	210	-	Санкт-Петербург
1516505	21	165	-	-
1516510	42	153	25	Санкт-Петербург
1516513	15	102	-	Томск
1516559	15	173	-	-
1516709	25	154	19	Вологда
1516060	7	262	-	Москва
1516063	18	444	-	Киев
1516071	20	158	15	Санкт-Петербург
1516086	17	447	-	Киев
1516112	15	245	-	-
1516120	24	191	-	Днепропетровск (Днепр)
1516132	18	332	25	Санкт-Петербург
1516167	17	207	28	Киев
1516186	13	416	19	Краснодар
1515993	6	146	15	Теребовля
1515998	11	133	-	Москва
1516031	15	364	-	-
1515821	4	485	-	Киев
1515857	2	208	-	Санкт-Петербург
1516011	20	110	-	-
1516130	27	313	19	Вологда
1516136	6	223	-	Белгород
1515352	12	92	-	Чернигов
1515360	16	115	-	-
1515361	15	347	-	Рыбинск
1515367	19	137	-	Краснодар
1515379	15	121	16	-
1515593	22	140	-	Санкт-Петербург
1515007	4	480	16	Муром
1515008	18	702	-	Киев
1515014	4	287	-	-
1515015	1	189	-	-
1515016	2	133	-	-
1515018	6	116	-	Севастополь
1515022	18	229	-	-
1515026	17	461	-	London
1515028	18	220	-	Ottawa
1515030	5	145	100	-
1514861	5	160	18	Тольятти
1514878	4	300	-	-
1514880	12	77	-	-
1514881	6	97	-	-
1514944	12	217	-	Москва
1514447	7	178	-	Днепропетровск (Днепр)
1514456	7	126	-	Москва
1514461	19	132	-	Paris
1514465	13	103	20	Сыктывкар
1514113	4	640	-	-
1514116	4	509	-	Москва
1514118	4	505	15	Санкт-Петербург
1514119	4	495	16	Зеленоград
1514150	4	350	-	Екатеринбург
1514157	4	375	-	-
1514159	4	237	25	Санкт-Петербург
1514163	4	212	-	-
1514165	4	247	-	Киев
1514166	4	221	-	Сочи
1513948	9	200	-	-
1513958	15	296	-	Рыбинск
1513992	4	353	-	Москва
1514015	9	129	-	Кривой Рог
1514138	15	288	25	Санкт-Петербург
1514398	24	200	-	London
1513527	5	106	-	Kawasaki
1513530	6	111	-	-
1513533	5	92	-	-
1513534	11	58	-	Москва
1513536	5	85	25	-
1513543	10	49	18	Павловский Посад
1513801	4	212	44	Pyongyang
1513407	3	225	18	-
1513416	30	294	-	Волгоград
1513657	20	97	15	-
1513697	20	87	22	-
1512980	6	480	17	Пермь
1512984	7	772	-	Москва
1512985	10	158	-	-
1512989	13	183	-	Нижний Новгород
1512990	6	39	-	Александрия
1512995	8	217	-	-
1513017	4	286	-	-
1513526	5	114	-	Гомель
1513589	4	246	-	-
1512888	4	171	26	Санкт-Петербург
1512892	2	293	-	Надвоицы
1513712	6	124	-	Донской
1512645	2	335	-	-
1512651	4	253	-	Москва
1512668	12	425	-	Киев
1512710	9	222	-	Зарайск
1512727	8	169	-	Харьков
1512389	6	204	-	Санкт-Петербург
1512393	4	625	-	Санкт-Петербург
1512397	13	126	-	Никополь
1512398	8	192	-	-
1512421	6	229	27	Краснодар
1512423	5	433	-	-
1512439	23	394	103	Montréal
1512455	12	245	-	Санкт-Петербург
1512787	8	148	-	Краснодар
1512250	16	518	25	-
1512292	8	187	23	Тюмень
1512295	29	111	21	Красноярск
1512298	3	227	-	Санкт-Петербург
1512303	13	173	-	-
1512307	8	142	-	-
1512475	17	284	19	Вологда
1512086	3	106	116	-
1512091	4	168	16	-
1512098	8	129	-	Санкт-Петербург
1512109	12	172	31	Москва
1511987	14	369	-	-
1511988	6	395	-	Чебоксары
1511989	13	300	-	-
1511990	20	311	-	Зарайск
1512157	10	229	-	Москва
1512191	15	234	98	Toronto
1511724	4	201	18	Санкт-Петербург
1511731	8	344	26	-
1511739	11	186	-	-
1511789	18	144	19	Одесса
1511820	6	191	22	Shanghai
1511039	7	795	-	-
1511074	12	910	-	-
1511502	2	15	35	Чита
1511521	4	9	-	Заречный
1510403	6	555	-	-
1510407	3	383	-	Тверь
1510275	4	353	-	-
1510283	7	651	-	Припять
1510284	3	264	-	Брянск
1510288	2	638	17	Ижевск
1510325	17	251	-	Юпитер
1510336	15	365	-	-
1510459	6	148	-	Кременчуг
1510581	5	117	101	Геленджик
1509726	3	240	-	Великий Новгород
1509539	16	126	-	Волгоград
1509545	10	179	-	-
1509572	9	404	-	Beograd
1509573	1	148	-	-
1509586	3	268	-	Kyōto
1509624	6	273	18	-
1509639	12	217	-	Ханты-Мансийск
1509642	287	256	-	-
1509644	10	476	-	Кокшетау
1509668	42	179	-	Омск
1509322	4	378	-	-
1509342	14	224	-	Kyōto
1509386	23	194	-	Юпитер
1509391	13	132	-	Санкт-Петербург
1509401	6	390	-	Алматы
1509431	3	168	16	-
1509444	25	162	-	-
1509553	21	261	25	Санкт-Петербург
1509800	21	197	-	-
1509184	10	184	-	-
1509189	7	171	-	Симферополь
1509201	8	462	-	Москва
1509204	13	143	78	Одесса
1509236	16	180	-	Киев
1509248	14	125	-	-
1509303	11	234	32	Ульяновск
1509325	11	98	-	Семикаракорск
1509474	15	77	-	Санкт-Петербург
1509609	11	94	-	Владикавказ
1508644	10	235	18	Киев
1508657	20	123	-	-
1508663	9	162	16	-
1508666	1	236	19	Воронеж
1508667	5	133	19	Чебоксары
1508754	22	95	19	-
1508755	26	95	-	Kawasaki
1508767	39	132	-	Нармушадь
1508812	9	84	19	-
1508852	12	108	15	-
1508492	14	418	-	-
1508498	2	168	16	Сургут
1508502	5	195	-	-
1508519	14	211	93	Львов
1507950	8	71	-	-
1507954	10	212	44	Kyōto
1508039	4	312	26	Санкт-Петербург
1507848	15	274	25	-
1507913	16	234	-	-
1507785	8	231	-	Одесса
1507789	35	96	44	Kyōto
1507804	35	197	-	Москва
1507885	6	124	-	Юпитер
1508133	17	157	23	-
1507193	8	153	-	Stockholm
1507195	5	260	-	-
1507198	6	125	-	Челябинск
1507203	13	278	-	San Pedro
1507206	30	292	-	-
1507214	6	223	-	-
1507254	9	141	25	Самара
1507263	17	157	-	-
1507271	7	179	-	-
1507298	36	90	-	Юпитер
1506919	4	283	-	Брянск
1507118	13	191	-	-
1506727	3	819	-	Киев
1506754	6	241	-	Киев
1506773	14	231	-	-
1506789	11	396	19	Одесса
1506790	18	267	-	-
1506798	14	236	-	Юпитер
1506801	21	228	31	Москва
1506845	16	118	-	-
1506848	14	461	-	-
1506868	26	168	-	-
1506470	22	292	-	Москва
1506471	8	294	25	Санкт-Петербург
1506472	14	301	-	Донецк
1506473	15	321	-	-
1506508	5	217	-	Киселевск
1506524	13	416	-	-
1506565	10	326	19	Ставрополь
1506477	6	139	-	-
1506482	23	131	-	Киев
1506490	13	224	18	Химки
1506500	8	541	-	Тюмень
1506505	6	267	-	Douglas
1506532	40	377	-	-
1506539	12	237	-	Лозовая
1506552	11	153	-	-
1506577	5	308	-	Уфа
1506587	14	206	-	Казань
1506104	6	208	25	-
1506108	3	231	-	-
1506122	9	167	112	Великий Новгород
1506179	1	184	-	Белгород
1506223	5	410	-	Мытищи
1508409	9	1	-	-
1505947	11	478	-	Stockholm
1505953	18	390	-	-
1505977	10	179	-	-
1506078	7	170	-	Москва
1506097	9	310	25	Пермь
1505725	7	386	-	-
1505742	7	299	-	Aleppo
1505746	5	270	-	-
1505783	13	591	-	Санкт-Петербург
1505796	7	186	27	Астана
1505801	20	83	-	-
1505805	3	149	-	Кишинев
1505808	16	276	97	-
1505871	5	152	-	Москва
1505875	9	369	-	-
1505584	29	474	-	Днепропетровск (Днепр)
1505585	17	222	-	-
1505637	18	348	-	-
1505729	8	92	-	-
1505788	4	141	19	Богучаны
1505792	11	163	26	Барнаул
1505869	13	472	-	-
1505434	6	500	19	-
1505435	8	331	-	-
1505456	12	172	-	-
1505459	9	395	18	Новосибирск
1505512	12	525	25	-
1505519	12	245	-	-
1505520	9	257	31	Москва
1505521	11	306	40	Львов
1505575	14	377	-	-
1505679	14	247	-	-
1505207	15	116	17	Котлас
1505299	7	388	-	London
1505083	3	449	-	-
1505085	5	573	26	Краснотурьинск
1505092	3	312	-	Набережные Челны
1505104	12	261	-	-
1505106	40	208	23	Тирасполь
1505153	10	582	-	Санкт-Петербург
1505294	11	307	-	Пенза
1506456	12	26	-	Омск
1504248	3	156	-	-
1504253	7	391	-	Kyōto
1503968	3	365	-	Ростов-на-Дону
1503984	8	547	-	-
1503997	19	647	-	-
1504027	22	1020	-	-
1504053	16	422	23	-
1504065	33	480	-	Санкт-Петербург
1503723	13	170	-	Сумы
1503736	7	373	-	Кировск
1503877	13	318	-	-
1503457	4	278	-	Москва
1503458	3	170	-	Rīga
1503460	3	264	-	-
1503481	68	556	-	-
1503507	18	472	-	Brno
1503514	14	223	-	Алматы
1503522	32	277	-	-
1503651	11	392	-	Санкт-Петербург
1503917	42	931	-	-
1504818	3	258	-	Москва
1503299	1	245	-	Санкт-Петербург
1503300	3	339	22	Columbus
1503309	4	175	-	Воронеж
1503314	7	395	110	-
1503412	17	189	-	Киев
1503810	18	294	21	Москва
1504096	4	124	-	Москва
1503160	15	211	15	-
1503165	21	201	105	Владивосток
1503174	20	406	40	Львов
1503264	16	180	-	-
1503909	18	164	20	Нижний Новгород
1502885	2	326	-	Рудный
1502888	2	267	-	-
1502891	6	161	-	Оренбург
1502896	3	142	20	Омск
1502904	5	234	-	-
1503057	16	189	-	Богучар
1503069	12	205	25	Санкт-Петербург
1502404	3	122	-	-
1502406	3	121	-	Boston
1502279	4	99	-	Warszawa
1502307	10	427	14	Томск
1502344	21	211	-	-
1502388	25	186	-	Санкт-Петербург
1502174	5	184	-	Москва
1502233	1	278	-	Кострома
1501721	1	105	116	Екатеринбург
1501731	5	213	-	-
1501733	20	552	-	Санкт-Петербург
1501734	4	142	19	Комрат
1501762	13	111	-	-
1501768	16	303	-	-
1501784	15	240	-	-
1501790	17	221	-	-
1501792	17	381	-	Москва
1501811	17	241	-	Москва
1501473	5	283	16	-
1501533	9	153	-	-
1501544	3	311	18	Xi'an
1501272	10	368	15	Бийск
1501292	6	303	-	Kyōto
1501352	17	271	-	Богучар
1501385	8	304	21	Firenze
1501396	15	302	-	Los Angeles
1501412	11	159	71	Санкт-Петербург
1501527	3	123	23	Минск
1501577	9	157	-	Приозерск
1501633	7	265	-	-
1504091	2	7	-	Москва
1500973	9	251	-	-
1501131	14	113	-	-
1501311	16	96	-	-
1501336	11	77	-	Yokohama
1501339	10	98	15	Южно-Сахалинск
1500671	6	299	-	-
1500685	11	424	-	-
1500688	5	78	19	-
1500698	6	185	25	-
1500766	8	334	-	-
1500773	6	188	-	Киев
1500806	14	214	-	Санкт-Петербург
1500808	20	131	-	Киев
1500813	10	164	105	Владивосток
1500835	16	97	-	-
1500429	3	79	-	Тайга
1500438	1	287	-	Чушка
1500443	1	164	-	Москва
1500451	12	229	17	Отрадная
1500545	3	170	-	-
1500603	5	150	15	Белгород
1500682	2	97	-	-
1500096	5	514	-	-
1500150	22	340	25	Санкт-Петербург
1500161	10	102	17	Пермь
1500199	14	317	-	Тамбов
1499891	2	59	-	Самара
1499892	8	239	-	-
1499894	60	304	-	Ульяновск
1499897	12	155	26	Ижевск
1499907	49	563	-	Красноярск
1500142	86	294	-	Санкт-Петербург
1499780	4	574	-	Москва
1499809	5	306	-	-
1499840	11	169	-	-
1499847	18	185	24	Москва
1499935	6	208	23	Тирасполь
1499650	3	163	-	Москва
1499651	8	365	-	Липецк
1499653	7	762	26	Усть-Каменогорск
1499661	11	151	-	-
1499678	11	297	25	Санкт-Петербург
1499681	17	214	21	Москва
1499713	34	245	-	-
1499911	14	250	-	Тамбов
1499237	6	542	21	Kraków
1499238	17	237	-	-
1499244	11	435	-	Кострома
1499277	4	369	-	-
1499440	1	192	-	Санкт-Петербург
1499631	7	211	-	-
1499090	6	330	112	-
1499482	20	399	-	-
1498739	2	224	-	-
1498742	8	250	19	-
1498751	10	141	19	-
1498772	13	194	15	Киев
1498793	9	237	25	-
1498131	1	497	-	Санкт-Петербург
1498176	3	918	-	Москва
1497973	2	629	-	Beograd
1497809	11	644	-	Харьков
1497818	9	374	28	Киев
1497841	10	498	-	Надвоицы
1497863	24	474	-	Днепропетровск (Днепр)
1497877	13	139	-	-
1498200	13	358	-	Москва
1497580	6	606	-	Ульяновск
1497353	10	202	-	-
1497356	2	206	-	Москва
1497401	7	375	21	Тула
1497450	29	322	-	-
1497516	9	400	-	-
1497542	12	336	-	Кострома
1497684	4	343	17	Минск
1497702	7	391	-	-
1497106	7	173	-	-
1497113	24	180	-	Чушка
1496950	5	450	-	Брянск
1496951	12	186	-	Москва
1496958	2	277	40	Львов
1496976	14	295	24	Нижний Тагил
1497021	8	185	25	Санкт-Петербург
1497074	11	231	-	-
1496644	3	168	-	-
1496661	6	336	-	Fukuoka
1496496	6	295	-	-
1496570	25	200	-	-
1496588	5	261	76	Berlin
1496611	19	229	48	-
1496741	18	360	-	-
1496786	9	293	-	-
1496076	2	8	17	Киев
1496080	12	122	-	-
1496111	7	18	-	Надвоицы
1496112	11	11	-	-
1496119	8	76	21	Петрозаводск
1496152	13	414	-	Москва
1496153	11	200	23	Пушкинские Горы
1496226	13	107	23	-
1496246	18	161	116	Москва
1496271	12	105	-	-
1495979	5	105	-	-
1495980	4	223	-	-
1495981	4	460	-	-
1495991	6	214	-	Stockholm
1495996	6	296	-	-
1496013	2	2	-	Москва
1496031	22	178	-	Днепропетровск (Днепр)
1496141	7	173	15	Москва
1496144	6	114	-	-
1496215	4	142	-	-
1495800	4	239	-	-
1495864	13	280	-	-
1495427	17	513	24	-
1495434	12	342	-	Тур
1495437	6	275	-	-
1495450	16	244	19	Вологда
1495507	22	375	-	-
1495778	14	218	-	-
1495226	3	407	-	-
1495237	11	246	-	Юпитер
1495350	14	220	-	-
1495381	20	357	19	Вологда
1495514	22	224	19	Чебоксары
1495686	5	158	-	Заинск
1495025	9	221	26	Ижевск
1495026	9	123	19	Краснодар
1495034	19	294	44	Kyōto
1495442	4	166	19	Москва
1494530	8	547	16	Holmes Chapel
1494550	13	365	19	Алматы
1494557	9	251	-	-
1494599	24	395	28	Киев
1494632	7	167	-	-
1494690	13	407	-	-
1494251	14	551	114	Санкт-Петербург
1494254	8	506	16	Зеленоград
1494255	5	392	17	Владивосток
1494256	4	180	-	Зыряновск
1494398	5	483	-	-
1494410	16	198	-	-
1494433	2	333	-	Varnik
1494455	2	264	-	Оренбург
1494485	14	249	-	Уфа
1494544	19	381	-	-
1493978	2	693	-	Одесса
1493981	1	145	-	Севастополь
1493982	2	203	24	Одесса
1493983	2	316	-	Санкт-Петербург
1493989	7	340	-	-
1493990	7	339	15	-
1493997	3	220	-	-
1493998	18	476	20	-
1494003	19	148	24	Одесса
1494013	8	186	27	-
1493840	3	111	-	-
1493940	13	139	-	Томск
1493977	9	455	-	Тамбов
1493979	5	229	-	Москва
1493760	9	134	20	Москва
1493771	6	183	-	Санкт-Петербург
1493790	20	128	-	Находка
1494045	6	45	-	Комсомольск-на-Амуре
1493510	6	218	72	Ōsaka
1493566	15	371	-	-
1493569	5	214	-	Лобня
1493265	3	244	-	-
1493268	7	345	-	-
1493274	5	168	33	Кемерово
1493284	3	322	-	-
1493289	9	180	-	Новочеркасск
1493097	8	378	-	Рязань
1493098	3	265	-	Санкт-Петербург
1493131	4	179	40	Львов
1493143	5	284	-	Рязань
1493392	5	285	-	Рязань
1493112	10	186	-	-
1493121	13	243	-	Новополоцк
1493132	16	174	18	Ростов-на-Дону
1492693	11	227	19	Краснодар
1492697	5	296	-	Санкт-Петербург
1492840	15	217	-	Тамбов
1492620	3	129	40	Львов
1492623	11	242	-	Киев
1492648	6	179	-	Москва
1492682	8	115	21	Екатеринбург
1492683	8	217	-	-
1492724	14	69	-	-
1492134	13	1573	27	Москва
1492461	8	617	20	Санкт-Петербург
1492775	5	568	27	Нижний Новгород
1491849	10	296	-	Москва
1491856	6	298	-	Днепропетровск (Днепр)
1491863	6	293	-	Красноярск
1491869	3	86	-	-
1491870	3	235	-	Днепропетровск (Днепр)
1491945	38	213	-	-
1491989	2	4	-	Санкт-Петербург
1491687	1	403	23	Тирасполь
1491703	5	186	62	Columbus
1491742	96	446	-	-
1491745	7	357	-	-
1491519	14	423	40	Львов
1491637	13	289	-	-
1491307	3	380	19	Санкт-Петербург
1491309	8	476	-	-
1491362	7	227	19	-
1491414	10	628	-	Москва
1491003	6	123	-	Москва
1491032	12	368	-	Днепропетровск (Днепр)
1491081	19	356	17	Сочи
1490796	6	226	-	Пермь
1490802	11	358	-	Москва
1490805	4	176	-	Алексин
1490858	14	162	-	Жодино
1490898	11	151	-	Алматы
1491152	5	40	-	Пермь
1490487	8	364	16	-
